0xcdB0A5A8e2abb30329748Bca1DFd5542F17b4456,4000
0x3384DEfe76D8681e3316b945Ccf99dD853cB4e53,4000
0x373a1660005001A8f87d4003C61b8B41E167C06f,4000
0xd8f2d20Ec356402F7DDdA59B6E85DFD08733C43A,4000
0xc9aB5B2539A68465c584BC28A6B974061F04EBe1,4000
0x91bdBbb67bFaF6C81d4616C06a4669aF20074C6e,4000
0xf6999a3f33424c37F6a893cC9690038c3baC2009,4000
0x77C7A5ba71e5aE050790943345120D565004A79E,4000
0x55eeD70A18F0F13C54d062f41FBf40801C24020B,4000
0x7474D77953FEE78a95D72C83D0ed07D3d5dF2058,4000
0x362B742Fe2156612aE1a4e3BFAab605134F04072,4000
0x93c782c3436779D282bf755Bb051F69B6002D1Fa,4000
0xAa7e75F89906f4739D5cBaCEF81bD0C323D55AB7,4000
0xd6f9eaDcD7Daf11f247D44c456137083412C2875,4000
0xb074EA7c07F02CD3173477444e4C03b7BdF31856,4000
0x02b3a64394B01528BaF3791FA3D8e6e2B6cdE2b5,4000
0xfa52d2c0d4148c8a62bd2417f9062ca2ce2251ed,4000
0xe8847931e9dA76ed71CC5bE5fe484d26a22335D4,4000
0x0Fee2Bbe9ba0bF175D0279514144823B4d2541fc,4000
0xb812e77e2BE8ffD22aC23c5dF3811Aca22533EF1,4000
0xEfD8238b79aED83b5C1B1e6b8C2a6e7eE746a6d0,4000
0x8526846Af6c505Bd171aF9EB83d11163fa6c7689,4000
0xe7fE4D6aE6bD5aF4B7A912D3697c753D22929DE5,4000
0xa55A00E023682Cf2Fc008E0FDf1604536560A7ac,4000
0x1e0c51d8cC81951501245328efa671E0015a025a,4000
0xDBF38EEb1a68ae7d8980814ff80e782423a26996,4000
0x7C2cd4871463ecb8BD2215E974150C5C30A7fa0b,4000
0x25FCFd093084D9e38ad28D46caF9b87Ed00808ef,4000
0x16Bb20da9d1308F70F286fc0c42aAa79eC663442,4000
0x842e84c8D0Cb17aB838D82f82314CC0211cf721e,4000
0x09e0Ce5666643af5C91d9ABE7d1C1EaF4C06a933,4000
0x8eE61E2eFc55D910e9B7519c3f925792DCf23895,4000
0x29d60A12b00B1f7ebE1f67C82a832eC6D2727439,4000
0xAa7E3f64702f402B756756CAd8BE619db79D9FF0,4000
0x6063b1Eb32040d12E4A371638cf04468908fE1Af,4000
0x8cCf6c32EEd8462F3804e8ABd0D726b5F56A50Ed,4000
0xaC443228D2ceD4F15de936010c41A619dCFC2d58,4000
0x5B2fEa276E042722141dabECD4E1d6c7E0F7B97A,4000
0x1914fF49932f3fd65FA61aB267185c6b7c64d579,4000
0x28ADa465C4eC0032B420016DCB6815B26B5e4F2c,4000
0xF827bAcF873adB122568753F2948fa4b8966B25D,4000
0xA33eB545E6BF25fdFfB436cFa062e5ec17D7A667,4000
0xa054a0b1Df0c57b6E40eED4DeBF80D92E527885d,4000
0x08C4d9D5fAa48837cfDd73C63De137ce88154226,4000
0x7BE51131A63B8Af54975022FAddC1dB788D5a236,4000
0x79d7F64f4808b2eCD08e1Fb8374b69aA12568DF5,4000
0xB745A2BAc46D68bdECD023C867773627D48fE1A1,4000
0x6B35656fC116cFCE8f511358f5E72CF0BF4E7155,4000
0x7c0138BdA3B29Df0F106a939Ff8A3004955F0DD0,4000
0xE3dd637572f0E9c3D6CE9ced96B88B0831541b64,4000