0xF9605D8c4c987d7Cb32D0d11FbCb8EeeB1B22D5d,11740
0xE3a8793b70AD99473077941d0BC84d18370f9842,2321
0x55A183e160F8903766E2Dd53F3580C7049b1b2Dc,2060
0x9CE6E6B60C894d1DF9BC3D9D6cC969b79FB176B7,35124
0x9c0D1F4a029c46265831D120DeE9CDc72F0aB3C3,14754
0x22B5629CE137D9B714fD22fbAF19CCbF5f04e58E,8101
0xb957DccaA1CCFB1eB78B495B499801D591d8a403,1925
0xd2c46b4c28f4B7976d9f87687863c46Bb2f71Dbb,7771
0xd2BC4e7ECfA4Ec39069623854cD114Dcd8771B84,5793
0x519F7709577C94999e4C7cFaCb539CacB9EDb7b8,6942
0x09e2947267408e7e9f64a2C997aD2a17911733D9,5544